{"ryoji-iwata-IBaVuZsJJTo-unsplash.jpg": 2.279999999999995, "ayo-ogunseinde-sibVwORYqs0-unsplash.jpg": 1.1700000000000002, "imgC.jpg": 1.02, "man-g5cc240220_1280.jpg": 1.2400000000000002, "imgA.jpg": 1.6400000000000006, "imgB.jpg": 1.9700000000000009, "sunset-g8e2bfe6cc_1280.jpg": 1.4300000000000004, "nicholas-green-nPz8akkUmDI-unsplash.jpg": 1.6600000000000006, "brooke-cagle-NoRsyXmHGpI-unsplash.jpg": 1.5800000000000005, "bruce-mars-8YG31Xn4dSw-unsplash.jpg": 1.8500000000000008}